X,Y,Weight,Population
184773.54140000005,8452459.023,6.226494851612074,2.0
195197.6243,8444913.534,5.995234621508643,0.0
